DJDmg,DJKill,PopDmg,PopKill,SpoonDmg,SpoonKill,Location,Dlegend,Plegend,Slegend,Placing,Date,Day,Time of Day,Mode,Week,
738,2,670,0,269,1,WE,Pathfinder,Lifeline,Octane,1,23-Dec,Wednesday,Night,Ranked,Week 1,
1158,4,1701,4,833,4,WE,Pathfinder,Lifeline,Octane,2,23-Dec,Wednesday,Night,Ranked,Week 1,
896,0,1117,5,1014,3,WE,Wraith,Loba,Crypto,1,24-Dec,Thursday,Night,Ranked,Week 1,
367,1,931,4,680,1,WE,Wraith,Lifeline,Crypto,2,24-Dec,Thursday,Night,Ranked,Week 1,
227,1,172,1,678,1,WE,Wattson,Lifeline,Octane,5,24-Dec,Thursday,Night,Ranked,Week 1,
938,3,1359,5,1054,6,WE,Wattson,Wraith,Octane,1,24-Dec,Thursday,Morning,Ranked,Week 1,
1181,3,926,2,276,1,WE,Pathfinder,Lifeline,Caustic,2,24-Dec,Thursday,Morning,Ranked,Week 1,
1109,1,533,2,903,2,WE,Pathfinder,Lifeline,Crypto,3,24-Dec,Thursday,Evening,Ranked,Week 1,
567,1,789,3,409,3,WE,Mirage,Lifeline,Octane,3,24-Dec,Thursday,Evening,Ranked,Week 1,
466,4,627,2,760,0,OL,Wraith,Lifeline,Bangalore,3,25-Dec,Friday,Night,PUB,Week 1,
1066,6,272,0,865,2,WE,Lifeline,Loba,Octane,1,25-Dec,Friday,Night,Ranked,Week 1,
810,2,210,1,664,3,WE,Bloodhound,Lifeline,Octane,2,26-Dec,Saturday,Night,Ranked,Week 1,
1690,3,1373,2,1234,3,WE,Pathfinder,Lifeline,Octane,3,26-Dec,Saturday,Night,Ranked,Week 1,
179,1,419,1,261,0,WE,Wraith,Lifeline,Octane,3,26-Dec,Saturday,Morning,PUB,Week 1,
1710,4,825,5,410,2,WE,Mirage,Lifeline,Octane,4,26-Dec,Saturday,Morning,PUB,Week 1,
812,5,648,0,966,3,WE,Mirage,Lifeline,Octane,1,26-Dec,Saturday,Morning,PUB,Week 1,
711,1,666,3,942,3,WE,Caustic,Bloodhound,Bangalore,3,30-Dec,Wednesday,Night,PUB,Week 1,
541,0,278,0,497,3,WE,Pathfinder,Lifeline,Bangalore,2,30-Dec,Wednesday,Night,PUB,Week 1,
988,5,796,0,862,2,OL,Wraith,Wattson,Octane,2,30-Dec,Wednesday,Night,PUB,Week 1,
208,0,247,0,94,0,OL,Wraith,Wattson,Crypto,5,30-Dec,Wednesday,Night,PUB,Week 1,
150,1,152,0,36,0,WE,Mirage,Lifeline,Octane,5,30-Dec,Wednesday,Morning,Ranked,Week 1,
1336,6,650,1,751,1,WE,Gibraltar,Lifeline,Octane,4,30-Dec,Wednesday,Morning,Ranked,Week 1,
1354,1,766,2,693,1,WE,Lifeline,Loba,Crypto,2,30-Dec,Wednesday,Evening,PUB,Week 1,
278,0,302,1,145,0,OL,Lifeline,Loba,Crypto,4,30-Dec,Wednesday,Night,PUB,Week 1,
1263,3,507,2,1000,4,WE,Gibraltar,Lifeline,Octane,1,31-Dec,Thursday,Night,Ranked,Week 2,
828,2,387,1,131,0,WE,Gibraltar,Wattson,Octane,1,31-Dec,Thursday,Night,Ranked,Week 2,
865,1,188,0,817,0,WE,Gibraltar,Wattson,Caustic,2,31-Dec,Thursday,Night,Ranked,Week 2,
1695,5,862,5,1778,5,WE,GIbraltar,Bloodhound,Bangalore,2,31-Dec,Thursday,Night,Ranked,Week 2,
217,0,378,0,652,1,WE,Gibraltar,Bloodhound,Bangalore,3,31-Dec,Thursday,Night,Ranked,Week 2,
2269,7,698,1,1192,4,WE,Gibraltar,Lifeline,Bangalore,2,31-Dec,Thursday,Night,Ranked,Week 2,
408,0,345,1,748,5,OL,Wraith,Pathfinder,Octane,5,2-Jan,Saturday,Night,PUB,Week 2,
540,3,335,1,593,1,OL,Caustic,Lifeline,Revenant,5,2-Jan,Saturday,Night,PUB,Week 2,
532,0,860,1,613,2,WE,Gibraltar,Bloodhound,Bangalore,3,2-Jan,Saturday,Night,Ranked,Week 2,
631,1,392,1,680,2,WE,Pathfinder,Bloodhound,Bangalore,3,2-Jan,Saturday,Morning,Ranked,Week 2,
2007,6,1356,6,1892,8,WE,Lifeline,Bloodhound,Bangalore,1,2-Jan,Saturday,Morning,Ranked,Week 2,
761,4,320,3,656,1,WE,Lifeline,Loba,Octane,3,2-Jan,Saturday,Morning,Ranked,Week 2,
969,1,628,2,603,2,OL,Pathfinder,Bloodhound,Bangalore,5,3-Jan,Sunday,Morning,PUB,Week 2,
809,4,406,3,465,1,WE,Pathfinder,Lifeline,Crypto,1,3-Jan,Sunday,Morning,PUB,Week 2,
950,6,329,1,452,1,WE,Gibraltar,Lifeline,Octane,1,3-Jan,Sunday,Morning,Ranked,Week 2,
909,2,249,0,569,1,WE,Horizon,Lifeline,Octane,2,4-Jan,Monday,Night,PUB,Week 2,
251,0,385,2,319,0,WE,Pathfinder,Lifeline,Octane,5,4-Jan,Monday,Night,PUB,Week 2,
452,0,736,0,277,0,WE,Gibraltar,Lifeline,Octane,4,4-Jan,Monday,Morning,Ranked,Week 2,
1517,1,1477,7,1341,4,WE,Gibraltar,Lifeline,Octane,1,4-Jan,Monday,Morning,Ranked,Week 2,
1601,3,1113,5,1185,6,WE,Gibraltar,Lifeline,Bangalore,1,4-Jan,Monday,Morning,Ranked,Week 2,
1156,2,476,3,720,2,OL,Lifeline,Pathfinder,Octane,2,8-Jan,Friday,Night,PUB,Week 3,
780,1,823,1,316,1,OL,Bloodhound,Lifeline,Octane,3,9-Jan,Saturday,Night,PUB,Week 3,
841,3,722,0,821,2,OL,Gibraltar,Pathfinder,Revenant,2,9-Jan,Saturday,Night,PUB,Week 3,
972,0,831,2,519,2,WE,Gibraltar,Lifeline,Octane,3,10-Jan,Sunday,Morning,Ranked ,Week 3,
459,1,507,0,735,3,OL,Horizon,Lifeline,Wraith,3,10-Jan,Sunday,Morning,PUB,Week 3,
1300,5,764,2,631,3,WE,Gibraltar,Bloodhound,Crypto,1,11-Jan,Monday,Morning,Ranked,Week 3,
287,1,201,1,412,1,OL,Wattson,Lifeline,Octane,2,12-Jan,Tuesday,Morning,PUB,Week 3,
21,0,63,0,128,0,OL,Wattson,Lifeline,Octane,4,12-Jan,Tuesday,Morning,PUB,Week 3,
1644,3,662,5,1409,3,OL,Wattson,Lifeline,Octane,2,12-Jan,Tuesday,Morning,PUB,Week 3,
567,1,132,1,455,1,OL,Wattson,Lifeline,Octane,3,12-Jan,Tuesday,Morning,PUB,Week 3,
1030,2,239,2,485,2,OL,Pathfinder,Bloodhound,Bangalore,2,13-Jan,Wednesday,Morning,PUB,Week 3,
980,5,848,2,481,1,OL,Pathfinder,Bloodhound,Bangalore,1,13-Jan,Wednesday,Morning,PUB,Week 3,
856,0,859,3,1127,2,WE,Gibraltar,Bloodhound,Octane,1,13-Jan,Wednesday,Morning,Ranked,Week 3,
381,1,0,0,555,0,WE,Wraith,Lifeline,Crypto,3,13-Jan,Wednesday,Morning,Ranked,Week 3,
551,1,453,2,348,1,OL,Octane,Lifeline,Bangalore,2,15-Jan,Friday,Night,PUB,Week 3,
816,2,783,2,936,1,WE,Gibraltar,Wraith,Octane,4,15-Jan,Friday,Night,Ranked,Week 3,
742,3,840,1,751,3,KC,Pathfinder,Bloodhound,Bangalore,2,17-Jan,Sunday,Morning,PUB,Week 4,
1548,3,835,4,1610,4,KC,Pathfinder,Lifeline,Bangalore,1,17-Jan,Sunday,Morning,PUB,Week 4,
1014,1,360,1,190,1,OL,Horizon,Wraith,Crypto,3,17-Jan,Sunday,Morning,PUB ,Week 4,
1123,2,942,4,878,2,OL,Horizon,Lifeline,Octane,2,17-Jan,Sunday,Morning,PUB ,Week 4,
734,0,529,0,372,0,WE,Horizon,Lifeline,Octane,3,17-Jan,Sunday,Morning,PUB,Week 4,
573,2,206,0,745,2,OL,Horizon,Lifeline,Pathfinder,2,18-Jan,Monday,Afternoon,PUB,Week 4,
427,0,105,0,105,1,OL,Horizon,Revenant,Pathfinder,2,18-Jan,Monday,Afternoon,PUB,Week 4,
640,1,693,1,1431,6,OL,Horizon,Bloodhound,Pathfinder,2,18-Jan,Monday,Afternoon,PUB,Week 4,
541,2,172,0,397,0,WE,Gibraltar,Bloodhound,Bangalore,5,18-Jan,Monday,Afternoon,PUB,Week 4,
154,0,0,0,0,0,WE,Wattson,Wraith,Caustic,2,18-Jan,Monday,Afternoon,PUB,Week 4,
1287,3,861,0,756,2,WE,Wattson,Wraith,Caustic,3,18-Jan,Monday,Afternoon,PUB,Week 4,
1234,4,690,4,1424,4,WE,Wraith,Lifeline,Caustic,1,22-Jan,Friday,Night,PUB,Week 4,
1213,5,745,3,1104,5,WE,Gibraltar,Bloodhound,Bangalore,1,22-Jan,Friday,Night,PUB,Week 4,
795,2,268,3,885,1,OL,Horizon,Lifeline,Crypto,2,22-Jan,Friday,Night,PUB,Week 4,
1352,4,477,2,117,1,OL,Mirage,Lifeline,Octane,5,22-Jan,Friday,Night,PUB,Week 4,
1070,5,855,1,481,1,OL,Mirage,Bloodhound,Bangalore,2,22-Jan,Friday,Night,PUB,Week 4,
913,1,11,0,381,3,WE,Gibraltar,Lifeline,Bangalore,1,24-Jan,Sunday,Night,Ranked,Week 4,
602,3,936,2,906,6,WE,Wattson,Bloodhound,Revenant,4,24-Jan,Sunday,Night,Ranked,Week 4,
1003,2,891,2,1082,5,OL,Horizon,Lifeline,Crypto,1,24-Jan,Sunday,Morning,PUB,Week 4,
1512,4,408,0,1145,5,OL,Horizon,Bloodhound,Crypto,1,24-Jan,Sunday,Morning,PUB ,Week 4,
611,1,309,1,361,1,WE,Pathfinder,Bloodhound,Crypto,5,25-Jan,Monday,Night,PUB,Week 5,
126,0,251,0,290,0,WE,Pathfinder,Lifeline,Crypto,3,25-Jan,Monday,Night,PUB,Week 5,
1154,6,1300,4,1704,8,OL,Horizon,Lifeline,Octane,1,25-Jan,Monday,Night,PUB,Week 5,
630,1,164,1,808,2,OL,Horizon,Lifeline,Octane,5,25-Jan,Monday,Night,PUB,Week 5,
363,0,339,1,588,2,OL,Horizon,Lifeline,Octane,4,25-Jan,Monday,Night,PUB,Week 5,
983,3,746,2,1122,3,OL,Gibraltar,Bloodhound,Octane,2,25-Jan,Monday,Night,PUB,Weej 5,
706,1,382,1,411,1,OL,Mirage,Loba,Caustic,4,25-Jan,Monday,Night,PUB,Week 5,
376,0,252,0,350,2,WE,Wraith,Lifeline,Bangalore,3,27-Jan,Wednesday,Night,PUB,Week 5,
640,1,869,3,1295,5,WE,Gibraltar,Bloodhound,Octane,1,27-Jan,Wednesday,Night,PUB,Week 5,
727,2,288,1,227,1,OL,Mirage,Bloodhound,Bangalore,2,29-Jan,Friday,Night,PUB,Week 5,
749,2,266,2,541,1,OL,Wattson,Lifeline,Octane,5,29-Jan,Friday,Night,PUB,Week 5,
1017,0,473,3,751,2,WE,Gibraltar,Lifeline,Octane,2,29-Jan,Friday,Night,Ranked,Week 5,
762,0,164,0,540,2,WE,Gibraltar,Bloodhound,Octane,4,29-Jan,Friday,Night,Ranked,Week 5,
1059,2,604,3,1085,3,KC,Fuse,Lifeline,Crypto,3,2-Feb,Tuesday,Night,PUB,Week 6,
1130,4,362,1,302,3,KC,Horizon,Bloodhound,Fuse,3,4-Feb,Thursday,Night,PUB,Week 6,
930,3,632,1,580,2,KC,Horizon,Bloodhound,Fuse,4,4-Feb,Thursday,Night,PUB,Week 6,
473,0,859,1,627,3,KC,Pathfinder,Lifeline,Octane,2,7-Feb,Sunday,Evening,PUB,Week 6,
963,1,1100,6,1250,3,KC,Wattson,Lifeline,Octane,2,7-Feb,Sunday,Evening,Ranked,Week 6,
1026,1,468,4,371,0,KC,Wattson,Lifeline,Octane,2,7-Feb,Sunday,Evening,Ranked,Week 6,
762,1,635,4,799,2,KC,Horizon,Bloodhound,Bangalore,2,7-Feb,Sunday,Evening,PUB,Week 6,
1225,2,693,6,1032,3,KC,Horizon,Gibraltar,Bangalore,1,7-Feb,Sunday,Evening,Ranked,Week 6,
1448,2,1558,2,2009,6,KC,Revenant,Lifeline,Octane,1,11-Feb,Thursday,Night,Ranked,Week 7,
994,5,313,1,1146,1,KC,Revenant,Lifeline,Octane,5,11-Feb,Thursday,Night,Ranked,Week 7,
1385,6,732,3,1586,3,KC,Revenant,Bloodhound,Octane,2,12-Feb,Friday,Afternoon,Ranked,Week 7,
812,4,420,1,579,3,KC,Revenant,Wattson,Octane,1,12-Feb,Friday,Afternoon,Ranked,Week 7,
923,0,722,1,1666,5,KC,Bloodhound,Lifeline,Octane,2,12-Feb,Friday,Afternoon,Ranked,Week 7,
1087,5,589,2,592,1,KC,Revenant,Lifeline,Octane,2,13-Feb,Saturday,Night,Ranked,Week 7,
1750,5,905,3,1220,4,KC,Revenant,Bloodhound,Octane,2,13-Feb,Saturday,Night,Ranked,Week 7,
921,0,586,1,171,0,OL,Horizon,Wattson,Fuse,3,13-Feb,Saturday,Night,PUB,Week 7,
1542,5,387,2,1251,5,KC,Revenant,Bloodhound,Octane,1,13-Feb,Saturday,Night,Ranked,Week 7,
658,1,505,1,619,1,OL,Horizon,Lifeline,Octane,3,14-Feb,Sunday,Night,PUB,Week 7,
1688,4,1394,2,1604,6,KC,Revenant,Lifeline,Octane,1,14-Feb,Sunday,Night,Ranked,Week 7,
1276,5,683,2,1075,4,KC,Pathfinder,Bloodhound,Fuse,4,14-Feb,Sunday,Night,Ranked,Week 7,
1447,1,1291,4,1449,3,KC,Horizon,Lifeline,Bangalore,1,15-Feb,Monday,Night,Ranked ,Week 7,
1559,4,811,5,921,1,KC,Gibraltar,Lifeline,Wraith,2,16-Feb,Tuesday,Night,Ranked,Week 7,
878,2,625,4,836,2,KC,Revenant,Bloodhound,Octane,5,16-Feb,Tuesday,Night,Ranked,Week 7,
1067,3,630,4,547,1,KC,Revenant,Bloodhound,Octane,1,16-Feb,Tuesday,Night,Ranked,Week 7,
1361,4,672,3,944,2,KC,Revenant,Bloodhound,Octane,1,16-Feb,Tuesday,Night,Ranked,Week 7,
605,2,375,0,564,1,KC,Horizon,Bloodhound,Octane,2,16-Feb,Tuesday,Night,Ranked,Week 7,
757,4,659,0,850,1,KC,Bloodhound,Lifeline,Bangalore,2,17-Feb,Wednesday,Evening,PUB,Week 7,
980,3,686,0,480,0,OL,Horizon,Lifeline,Fuse,4,21-Feb,Sunday,Evening,PUB,Week 8,
623,3,787,3,730,2,KC,Pathfinder,Bloodhound,Fuse,1,21-Feb,Sunday,Evening,PUB,Week 8,
577,1,306,0,1022,0,OL,Horizon,Wraith,Octane,3,22-Feb,Monday,Evening,PUB,Week 8,
738,1,85,0,502,1,KC,Revenant,Bloodhound,Octane,3,22-Feb,Monday,Evening,PUB,Week 8,
1008,3,685,3,682,0,KC,Revenant,Bloodhound,Octane,2,22-Feb,Monday,Evening,PUB,Week 8,
196,1,145,0,683,2,KC,Revenant,Bloodhound,Octane,3,22-Feb,Monday,Evening,PUB,Week 8,
531,1,914,5,815,4,KC,Wraith,Lifeline,Octane,1,24-Feb,Wednesday,Evening,PUB,Week 8,
1565,5,755,3,1177,4,KC,Revenant,Bloodhound,Octane,1,24-Feb,Wednesday,Evening,Ranked,Week 8,
548,3,614,2,726,1,KC,Revenant,Bloodhound,Octane,2,24-Feb,Wednesday,Evening,Ranked,Week 8,
1017,3,1349,6,557,4,KC,Revenant,Bloodhound,Octane,2,24-Feb,Wednesday,Evening,Ranked,Week 8,
494,1,836,2,828,3,KC,Revenant,Bloodhound,Octane,5,24-Feb,Wednesday,Evening,Ranked,Week 8,
763,1,301,1,886,1,KC,Revenant,Bloodhound,Octane,2,24-Feb,Wednesday,Evening,Ranked,Week 8,
518,0,208,0,837,4,KC,Fuse,Octane,Mirage,4,28-Feb,Sunday,Evening,PUB,Week 9,
1528,2,314,2,835,2,KC,Revenant,Bloodhound,Octane,4,28-Feb,Sunday,Evening,Ranked,Week 9,
411,1,381,1,657,2,KC,Revenant,Bloodhound,Octane,2,2-Mar,Tuesday,Morning,Ranked,Week 9,
569,1,168,1,779,2,OL,Horizon,Bloodhound,Octane,2,4-Mar,Thursday,Morning,PUB,Week 9,
1067,1,656,2,963,4,OL,Horizon,Bloodhound,Octane,1,4-Mar,Thursday,Morning,PUB,Week 9,
436,1,325,0,275,2,OL,Mirage,Bloodhound,Octane,4,4-Mar,Thursday,Morning,PUB,Week 9,
652,1,90,1,507,2,KC,Bloodhound,Wattson,Octane,2,6-Mar,Saturday,Morning,PUB,Week 9,
1010,3,409,2,542,2,KC,Bloodhound,Wattson,Octane,4,6-Mar,Saturday,Morning,PUB,Week 9,
551,1,148,0,290,0,KC,Pathfinder,Bloodhound,Bangalore,4,6-Mar,Saturday,Morning,PUB,Week 9,
526,2,331,1,986,3,KC,Pathfinder,Bloodhound,Octane,3,6-Mar,Saturday,Morning,PUB,Week 9,
840,2,638,2,704,3,KC,Gibraltar,Wattson,Octane,4,9-Mar,Tuesday,Night,PUB,Week 10,
903,1,854,2,1174,6,KC,Gibraltar,Bloodhound,Octane,3,10-Mar,Wednesday,Morning,Ranked,Week 10,
510,1,640,1,547,2,KC,Gibraltar,Bloodhound,Octane,2,10-Mar,Wednesday,Morning,Ranked,Week 10,
965,5,1047,4,1410,2,KC,Gibraltar,Bloodhound,Octane,2,10-Mar,Wednesday,Morning,Ranked,Week 10,
966,1,284,0,217,0,KC,Gibraltar,Bloodhound,Octane,2,10-Mar,Wednesday,Morning,Ranked,Week 10,
264,1,411,0,727,2,KC,Pathfinder,Lifeline,Octane,2,10-Mar,Wednesday,Morning,PUB,Week 10,
332,1,725,5,754,0,KC,Revenant,Bloodhound,Octane,4,10-Mar,Wednesday,Morning,PUB,Week 10,
652,0,94,1,930,1,KC,Pathfinder,Lifeline,Octane,3,10-Mar,Wednesday,Evening,PUB,Week 10,
497,1,209,1,613,2,KC,Gibraltar,Bloodhound,Octane,4,10-Mar,Wednesday,Evening,PUB,Week 10,
470,0,1093,1,603,1,KC,Gibraltar,Bloodhound,Octane,3,10-Mar,Wednesday,Evening,PUB,Week 10,
172,0,415,0,226,1,KC,Revenant,Bloodhound,Octane,4,10-Mar,Wednesday,Evening,PUB,Week 10,
1450,4,977,3,819,2,KC,Pathfinder,Wattson,Octane,1,10-Mar,Wednesday,Evening,PUB,Week 10,
725,1,566,1,763,1,KC,Pathfinder,Wattson,Octane,2,10-Mar,Wednesday,Evening,PUB,Week 10,
808,0,890,5,1070,4,KC,Horizon,Wattson,Octane,1,11-Mar,Thursday,Night,PUB,Week 10,
270,0,190,0,668,2,KC,Gibraltar,Bloodhound,Octane,3,11-Mar,Thursday,Night,PUB,Week 10,
1053,3,623,2,639,2,KC,Pathfinder,Bloodhound,Octane,2,12-Mar,Friday,Morning,PUB,Week 10,
1403,4,779,4,1490,4,KC,Pathfinder,Wattson,Octane,1,12-Mar,Friday,Morning,PUB,Week 10,
348,0,409,1,483,0,KC,Pathfinder,Bloodhound,Crypto,3,12-Mar,Friday,Morning,PUB,Week 10,
1391,1,648,2,1474,5,KC,Revenant,Bloodhound,Octane,1,15-Mar,Monday,Evening,PUB,Week 11,
633,2,477,1,791,3,KC,Gibraltar,Bloodhound,Octane,1,15-Mar,Monday,Evening,PUB,Week 11,
353,0,211,1,406,2,KC,Gibraltar,Bloodhound,Octane,3,15-Mar,Monday,Evening,Ranked,Week 11,
2090,4,142,0,843,0,KC,Gibraltar,Bloodhound,Octane,2,15-Mar,Monday,Evening,Ranked,Week 11,
522,2,288,1,270,1,KC,Gibraltar,Bloodhound,Octane,1,15-Mar,Wednesday,Evening,Ranked,Week 11,
1040,2,641,3,447,0,KC,Pathfinder,Bloodhound,Octane,1,17-Mar,Wednesday,Evening,PUB,Week 11,
910,2,433,0,761,0,KC,Pathfinder,Bloodhound,Octane,3,17-Mar,Wednesday,Evening,PUB,Week 11,
990,2,492,2,1322,1,KC,Pathfinder,Bloodhound,Octane,1,17-Mar,Wednesday,Evening,Ranked,Week 11,
996,2,463,2,593,2,KC,Pathfinder,Revenant,Octane,4,17-Mar,Wednesday,Evening,Ranked,Week 11,
617,3,253,0,642,3,KC,Lifeline,Bloodhound,Bangalore,3,17-Mar,Wednesday,Evening,PUB,Week 11,
745,2,110,0,1101,4,KC,Pathfinder,Wattson,Caustic,1,17-Mar,Wednesday,Night,PUB,Week 11,
775,2,281,0,1118,2,KC,Wraith,Wattson,Caustic,4,18-Mar,Thursday,Morning,PUB,Week 11,
518,0,173,0,642,1,KC,Pathfinder,Lifeline,Caustic,2,18-Mar,Thursday,Morning,PUB,Week 11,
766,3,653,1,918,3,KC,Pathfinder,Bloodhound,Caustic,2,18-Mar,Thursday,Morning,Ranked,Week 11,
609,3,398,0,887,1,KC,Revenant,Bloodhound,Octane,1,18-Mar,Thursday,Morning,Ranked,Week 11,
619,2,116,0,538,1,KC,Pathfinder,Bloodhound,Octane,2,18-Mar,Thursday,Night,PUB,Week 11,
1226,3,985,3,987,6,KC,Pathfinder,Lifeline,Octane,1,19-Mar,Friday,Morning,PUB,Week 11,
403,2,324,0,302,2,KC,Pathfinder,Bloodhound,Octane,2,19-Mar,Friday,Morning ,Ranked,Week 11,
913,2,293,0,1645,3,KC,Pathfinder,Bloodhound,Octane,3,19-Mar,Friday,Morning,Ranked,Week 11,
1474,5,1186,6,1398,3,OL,Wraith,Bloodhound,Caustic,1,19-Mar,Friday,Morning,Ranked,Week 11,
797,3,658,3,336,0,KC,Wraith,Lifeline,Caustic,3,19-Mar,Friday,Afternoon,PUB,Week 11,
820,1,282,6,569,2,OL,Wraith,Bloodhound,Caustic,1,19-Mar,Friday,Afternoon,PUB,Week 11,
9,0,61,0,328,0,KC,Pathfinder,Bloodhound,Octane,4,19-Mar,Friday,Afternoon,Ranked,Week 11,
1295,3,326,0,482,1,KC,Gibraltar,Bloodhound,Octane,4,19-Mar,Friday,Evening,Ranked,Week 11,
399,2,485,2,489,0,KC,Pathfinder,Bloodhound,Octane,4,19-Mar,Friday,Evening,Ranked,Week 11,
314,0,613,0,150,0,KC,Pathfinder,Lifeline,Octane,4,19-Mar,Friday,Evening,Ranked,Week 11,
174,1,823,1,705,2,KC,Pathfinder,Bloodhound,Octane,3,19-Mar,Friday,Evening,Ranked,Week 11,
896,1,815,0,496,2,OL,Wraith,Lifeline,Caustic,2,19-Mar,Friday,Evening,PUB,Week 11,
375,2,247,2,567,1,OL,Mirage,Bloodhound,Bangalore,3,19-Mar,Friday,Evening,PUB,Week 11,
482,4,265,1,691,0,OL,Mirage,Bloodhound,Bangalore,5,20-Mar,Saturday,Morning,PUB,Week 11,
703,0,806,3,893,3,OL,Horizon,Bloodhound,Bangalore,2,20-Mar,Saturday,Morning,PUB,Week 11,
1005,4,628,1,980,1,OL,Pathfinder,Bloodhound,Bangalore,4,20-Mar,Saturday,Morning,PUB,Week 11,
1033,3,624,4,1513,4,KC,Pathfinder,Lifeline,Bangalore,1,20-Mar,Saturday,Morning,PUB,Week 11,
625,3,351,0,871,1,KC,Bloodhound,Crypto,Octane,3,21-Mar,Sunday,Morning,PUB,Week 11,
954,2,306,2,673,1,KC,Pathfinder,Bloodhound,Caustic,1,21-Mar,Sunday,Morning,PUB,Week 11,
530,0,98,0,60,0,KC,Gibraltar,Bloodhound,Octane,4,21-Mar,Sunday,Morning,Ranked,Week 11,
1145,5,89,0,1109,3,OL,Revenant,Wraith,Bangalore,1,21-Mar,Sunday,Morning,PUB,Week 11,
350,1,725,1,534,3,KC,Pathfinder,Bloodhound,Octane,4,23-Mar,Wednesday,Morning,PUB,Week 12,
1130,1,184,2,172,1,OL,Horizon,Bloodhound,Octane,2,23-Mar,Wednesday,Morning,PUB,Week 12,
1579,4,658,4,1168,4,OL,Wraith,Wattson,Octane,1,23-Mar,Wednesday,Morning,PUB,Week 12,
489,3,422,0,543,3,OL,Wraith,Bloodhound,Octane,3,23-Mar,Wednesday,Morning,PUB,Week 12,
729,3,450,0,518,0,OL,Gibraltar,Bloodhound,Octane,3,26-Mar,Friday,Morning,PUB,Week 12 ,
641,1,368,3,404,1,OL,Horizon,Bloodhound,Octane,4,26-Mar,Friday,Morning,PUB,Week 12 ,
981,1,110,2,776,3,OL,Horizon,Bloodhound,Octane,4,26-Mar,Friday,Morning,PUB,Week 12 ,
953,3,583,3,450,1,KC,Pathfinder,Lifeline,Octane,2,26-Mar,Friday,Afternoon,PUB,Week 12 ,
870,4,1000,3,728,0,KC,Pathfinder,Bloodhound,Octane,3,26-Mar,Friday,Afternoon,PUB,Week 12 ,
1241,4,434,2,933,2,KC,Pathfinder,Bloodhound,Octane,2,26-Mar,Friday,Afternoon,PUB,Week 12 ,
1011,5,542,2,1107,3,KC,Wraith,Bloodhound,Octane,1,26-Mar,Friday,Afternoon,PUB,Week 12 ,
190,1,0,0,29,1,KC,Wraith,Bloodhound,Caustic,5,26-Mar,Friday,Afternoon,PUB,Week 12 ,
1271,2,596,3,238,1,OL,Bloodhound,Mirage,Octane,2,28-Mar,Sunday,Evening,PUB,Week 12,
815,2,140,0,693,5,OL,Bloodhound,Mirage,Octane,1,28-Mar,Sunday,Evening,PUB,Week 12,
1521,3,701,3,140,0,KC,Wraith,Wattson,Octane,1,3-Apr,Saturday,Night,PUB,Week 13,
404,0,286,1,542,3,KC,Wraith,Bloodhound,Octane,5,3-Apr,Saturday,Night,PUB,Week 13,
773,2,372,2,573,2,KC,Wraith,Bloodhound,Octane,2,3-Apr,Saturday,Night,PUB,Week 13,
385,0,0,0,751,0,KC,Pathfinder,Wraith,Bangalore,3,4-Apr,Sunday,Night,PUB,Week 13,
84,0,607,2,164,0,KC,Pathfinder,Lifeline,Bangalore,5,4-Apr,Sunday,Night,PUB,Week 13,
572,1,305,1,563,3,KC,Gibraltar,Lifeline,Bangalore,4,4-Apr,Sunday,Night,PUB,Week 13,
1005,7,689,1,1134,1,KC,Pathfinder,Lifeline,Octane,1,4-Apr,Sunday,Night,PUB,Week 13,
545,0,186,1,122,2,KC,Pathfinder,Lifeline,Octane,5,5-Apr,Monday,Night,PUB,Week 14,
1048,2,698,0,1818,7,KC,Pathfinder,Lifeline,Octane,1,5-Apr,Monday,Night,PUB,Week 14,
1020,1,280,0,723,2,OL,Wraith,Wattson,Octane,2,5-Apr,Monday,Night,PUB,Week 14,
750,4,347,1,653,2,OL,Horizon,Lifeline,Octane,4,5-Apr,Monday,Night,PUB,Week 14,
1384,2,490,0,791,2,OL,Pathfinder,Bloodhound,Octane,2,6-Apr,Tuesday,Morning,PUB,Week 14,
256,1,241,0,689,2,KC,Pathfinder,Wattson,Octane,4,6-Apr,Tuesday,Night,PUB,Week 14,
704,3,119,0,910,6,KC,Gibraltar,Wraith,Octane,2,6-Apr,Tuesday,Night,PUB,Week 14,
611,2,392,1,931,0,KC,Pathfinder,Bloodhound,Octane,1,7-Apr,Wednesday,Night,PUB,Week 14,
1506,4,911,4,973,4,KC,Pathfinder,Bloodhound,Octane,1,7-Apr,Wednesday,Night,PUB,Week 14,
389,0,415,1,1137,3,OL,Horizon,Bloodhound,Octane,3,7-Apr,Wednesday,Night,Ranked,Week 14,
1363,2,1258,5,1424,8,OL,Gibraltar,Bloodhound,Octane,1,8-Apr,Thursday,Morning,Ranked,Week 14,
1292,5,928,3,1852,8,OL,Gibraltar,Bloodhound,Octane,1,8-Apr,Thursday,Morning,Ranked,Week 14,
501,0,60,0,840,4,KC,Pathfinder,Bloodhound,Octane,2,10-Apr,Saturday,Morning,PUB,Week 14,
871,2,774,2,1357,3,OL,Gibraltar,Bloodhound,Octane,3,10-Apr,Saturday,Morning,PUB,Week 14,
324,1,267,0,256,0,OL,Horizon,Bloodhound,Octane,3,10-Apr,Saturday,Morning,PUB,Week 14,
1273,1,615,1,1378,6,OL,Horizon,Bloodhound,Octane,2,10-Apr,Saturday,Morning,PUB,Week 14,
1061,1,856,1,667,1,OL,Horizon,Bloodhound,Octane,2,10-Apr,Saturday,Morning,PUB,Week 14,
537,1,342,3,487,1,KC,Pathfinder,Mirage,Octane,5,12-Apr,Monday,Night,PUB,Week 15,
1030,6,747,2,1581,3,KC,Bloodhound,Mirage,Octane,2,12-Apr,Monday,Night,PUB,Week 15,
243,2,318,2,468,1,KC,Wraith,Mirage,Octane,2,12-Apr,Monday,Night,PUB,Week 15,
871,6,546,2,1380,3,OL,Horizon,Bloodhound,Octane,1,12-Apr,Monday,Night,Ranked,Week 15,
309,1,574,0,786,4,OL,Gibraltar,Bloodhound,Octane,3,12-Apr,Monday,Night,Ranked,Week 15,
1826,5,1045,4,1150,7,OL,Horizon,Bloodhound,Octane,2,12-Apr,Monday,Night,Ranked,Week 15,
682,1,83,0,269,1,KC,Bloodhound,Mirage,Octane,5,14-Apr,Wednesday,Evening,PUB,Week 15,
782,2,93,0,14,0,OL,Horizon,Bangalore,Octane,5,14-Apr,Wednesday,Evening,PUB,Week 15,
329,0,742,1,326,1,OL,Bloodhound,Lifeline,Octane,3,14-Apr,Wednesday,Evening,PUB,Week 15,
1464,3,712,3,1384,6,OL,Horizon,Bloodhound,Octane,3,14-Apr,Wednesday,Evening,Ranked,Week 15,
1410,3,59,0,895,3,OL,Pathfinder,Bloodhound,Octane,1,14-Apr,Wednesday,Evening,Ranked,Week 15,
770,3,640,3,420,0,OL,Pathfinder,Bloodhound,Octane,5,14-Apr,Wednesday,Evening,Ranked,Week 15,
932,3,1202,4,1226,3,OL,Pathfinder,Lifeline,Octane,1,14-Apr,Wednesday,Evening,Ranked,Week 15,
1030,2,453,3,1122,4,OL,Horizon,Bloodhound,Octane,1,15-Apr,Thursday,Night,Ranked,Week 15,
602,1,246,0,1239,1,KC,Gibraltar,Mirage,Octane,5,15-Apr,Thursday,Night,PUB,Week 15,
806,1,494,2,754,0,KC,Pathfinder,Lifeline,Bangalore,4,15-Apr,Thursday,Night,PUB,Week 15,
2075,11,868,0,1664,2,OL,Pathfinder,Bloodhound,Octane,3,16-Apr,Friday,Morning,Ranked,Week 15,
866,4,799,1,1816,5,OL,Horizon,Bloodhound,Octane,1,16-Apr,Friday,Morning,Ranked,Week 15,
510,2,215,1,407,0,KC,Pathfinder,Lifeline,Octane,3,17-Apr,Saturday,Evening,PUB,Week 15,
850,0,1364,3,1636,9,KC,Pathfinder,Bloodhound,Octane,1,17-Apr,Saturday,Evening,PUB,Week 15,
887,4,693,4,1025,3,KC,Lifeline,Bloodhound,Octane,1,17-Apr,Saturday,Evening,PUB,Week 15,
678,0,155,0,266,0,OL,Horizon,Bloodhound,Octane,2,17-Apr,Saturday,Evening,Ranked,Week 15,
1307,3,604,2,1668,5,OL,Horizon,Bloodhound,Octane,1,17-Apr,Saturday,Evening,Ranked,Week 15,
931,2,741,2,1639,1,KC,Bloodhound,Octane,Bangalore,2,17-Apr,Saturday,Night,PUB,Week 15,
292,0,34,0,428,0,KC,Wattson,Octane,Bangalore,3,17-Apr,Saturday,Night,PUB,Week 15,
791,1,373,0,864,4,KC,Horizon,Loba,Octane,5,18-Apr,Sunday,Morning,PUB,Week 15,
290,0,208,1,425,2,KC,Pathfinder,Lifeline,Octane,2,18-Apr,Sunday,Night,PUB,Week 15,
761,1,196,1,295,0,OL,Pathfinder,Lifeline,Octane,2,19-Apr,Monday,Morning,PUB,Week 16,
1416,4,589,2,892,3,OL,Horizon,Bloodhound,Octane,2,19-Apr,Monday,Afternoon,PUB,Week 16,
637,1,289,0,183,0,OL,Gibraltar,Bloodhound,Octane,3,19-Apr,Monday,Afternoon,PUB,Week 16,
1114,3,1400,3,1377,8,OL,Gibraltar,Bloodhound,Bangalore,2,19-Apr,Monday,Afternoon,Ranked,Week 16,
587,1,257,1,247,1,KC,Octane,Bloodhound,Bangalore,3,19-Apr,Monday,Night,PUB,Week 16,
681,3,145,1,569,1,KC,Octane,Bloodhound,Bangalore,1,19-Apr,Monday,Night,PUB,Week 16,
1147,4,629,1,2169,8,OL,Lifeline,Bloodhound,Caustic,2,20-Apr,Tuesday,Morning,PUB,Week 16,
1596,2,1458,6,1198,4,OL,Gibraltar,Bloodhound,Caustic,1,20-Apr,Tuesday,Morning,PUB,Week 16,
1685,5,516,0,1276,4,OL,Gibraltar,Bloodhound,Caustic,2,20-Apr,Tuesday,Morning,PUB,Week 16,
949,4,403,1,493,1,KC,Pathfinder,Lifeline,Caustic,2,21-Apr,Wednesday,Morning,PUB,Week 16,
1087,2,610,1,1473,4,KC,Pathfinder,Lifeline,Octane,2,21-Apr,Wednesday,Morning,PUB,Week 16,
820,3,767,2,1529,7,KC,Pathfinder,Lifeline,Octane,5,21-Apr,Wednesday,Morning,PUB,Week 16,
723,0,251,0,100,1,KC,Horizon,Lifeline,Octane,3,21-Apr,Wednesday,Morning,PUB,Week 16,
1038,4,688,1,1247,1,KC,Pathfinder,Lifeline,Octane,2,22-Apr,Thursday,Evening,PUB,Week 16,
580,0,282,1,224,0,KC,Horizon,Bloodhound,Octane,2,22-Apr,Thursday,Evening,PUB,Week 16,
856,2,1129,3,1161,4,OL,Gibraltar,Lifeline,Octane,1,22-Apr,Thursday,Evening,PUB,Week 16,
55,0,178,0,276,0,OL,Horizon,Lifeline,Octane,3,22-Apr,Thursday,Evening,PUB,Week 16,
1111,3,234,0,1174,4,KC,Bloodhound,Revenant,Octane,5,22-Apr,Thursday,Evening,PUB,Week 16,
168,0,421,3,299,0,KC,Bloodhound,Revenant,Octane,5,22-Apr,Thursday,Evening,PUB,Week 16,
456,0,432,1,677,2,KC,Horizon,Lifeline,Octane,3,22-Apr,Thursday,Evening,PUB,Week 16,
589,2,1017,3,984,3,OL,Gibraltar,Bloodhound,Crypto,4,26-Apr,Monday,Evening,PUB,Week 17,
2048,4,1019,2,896,2,OL,Horizon,Lifeline,Octane,3,26-Apr,Monday,Evening,PUB,Week 17 ,
772,0,310,1,609,1,OL,Horizon,Lifeline,Octane,2,26-Apr,Monday,Evening,PUB,Week 17 ,
820,0,960,3,1215,2,KC,Pathfinder,Bloodhound,Octane,3,26-Apr,Monday,Evening,PUB,Week 17 ,
300,1,417,1,849,3,OL,Horizon,Lifeline,Octane,3,27-Apr,Tuesday,Night,PUB,Week 17,
1464,7,756,0,1756,6,OL,Gibraltar,Lifeline,Octane,1,27-Apr,Tuesday,Night,Ranked,Week 17,
458,1,526,3,1136,1,OL,Gibraltar,Lifeline,Octane,4,27-Apr,Tuesday,Night,Ranked,Week 17,
978,3,656,2,807,1,OL,Horizon,Lifeline,Octane,2,28-Apr,Wednesday,Evening,PUB,Week 17,
759,2,938,4,1660,5,OL,Horizon,Lifeline,Octane,1,28-Apr,Wednesday,Evening,PUB,Week 17,
483,1,899,6,858,5,OL,Gibraltar,Bloodhound,Octane,1,28-Apr,Wednesday,Evening,PUB,Week 17,
650,3,981,6,1328,5,KC,Bloodhound,Lifeline,Bangalore,1,29-Apr,Thursday,Evening,PUB,Week 17,
1373,2,337,0,1218,4,OL,Gibraltar,Lifeline,Crypto,2,29-Apr,Thursday,Evening,PUB,Week 17,
233,0,14,0,221,1,OL,Wraith,Bloodhound,Crypto,4,29-Apr,Thursday,Evening,PUB,Week 17,
506,1,544,1,84,1,KC,Octane,Rampart,Crypto,5,29-Apr,Thursday,Evening,PUB,Week 17,
1092,3,289,1,344,1,KC,Octane,Rampart,Mirage,5,29-Apr,Thursday,Evening,PUB,Week 17,
1159,2,765,1,1364,4,KC,Revenant,Lifeline,Octane,2,30-Apr,Friday,Night,PUB,Week 17,
1224,3,287,0,469,0,OL,Horizon,Lifeline,Octane,3,30-Apr,Friday,Night,PUB,Week 17,
831,0,110,0,813,0,OL,Pathfinder,Lifeline,Octane,3,1-May,Saturday,Morning,PUB,Week 17,
758,3,462,3,742,4,KC,Revenant,Bloodhound,Octane,1,1-May,Saturday,Morning,PUB,Week 17,
254,0,117,0,452,1,KC,Revenant,Bloodhound,Octane,2,1-May,Saturday,Morning,PUB,Week 17,
1796,6,799,4,1061,1,KC,Gibraltar,Bloodhound,Octane,1,1-May,Saturday,Morning,PUB,Week 17,
484,0,608,1,858,1,KC,Bloodhound,Lifeline,Bangalore,4,1-May,Saturday,Morning,PUB,Week 17,
443,3,513,1,674,4,OL,Horizon,Bloodhound,Octane,1,1-May,Saturday,Morning,PUB,Week 17,
1044,6,778,0,1141,3,KC,Pathfinder,Bloodhound,Octane,2,1-May,Saturday,Night,PUB,Week 17,
1000,5,818,0,1562,7,OL,Horizon,Lifeline,Octane,1,1-May,Saturday,Night,PUB,Week 17,
1345,6,483,3,552,2,OL,Octane,Bloodhound,Revenant,5,1-May,Saturday,Night,PUB,Week 17,
696,0,280,2,503,1,KC,Octane,Bloodhound,Revenant,2,2-May,Sunday,Morning,PUB,Week 17,
429,1,290,1,277,1,KC,Revenant,Bloodhound,Octane,3,2-May,Sunday,Morning,PUB,Week 17,
1436,5,381,2,734,1,WE,Pathfinder,Valkyrie,Octane,5,18-May,Tuesday,Morning,PUB,Week 18, 
1005,1,810,2,1229,1,WE,Wattson,Lifeline,Octane,1,18-May,Tuesday,Morning,Ranked,Week 18,
1192,4,1865,7,2249,4,WE,Gibraltar,Lifeline,Octane,1,18-May,Tuesday,Morning,Ranked,Week 18,
1522,5,934,0,990,3,WE,Wraith,Lifeline,Caustic,1,18-May,Tuesday,Morning,Ranked,Week 18,
1196,6,581,4,797,2,WE,Valkyrie,Bangalore,Octane,2,18-May,Tuesday,Evening,PUB ,Week 18,
1109,2,1477,3,1361,5,WE,Wraith,Lifeline,Valkyrie,3,18-May,Tuesday,Evening,Ranked,Week 18,
1085,2,549,4,1810,4,WE,Gibraltar,Lifeline,Bangalore,5,18-May,Tuesday,Evening,Ranked,Week 18,
1549,2,752,0,1024,2,WE,Pathfinder,Lifeline,Bangalore,4,18-May,Tuesday,Evening,Ranked,Week 18,
1726,5,1213,4,1300,3,WE,Wattson,Wraith,Bangalore,2,18-May,Tuesday,Evening,Ranked,Week 18,
494,0,399,2,703,2,OL,Valkyrie,Lifeline,Bangalore,4,19-May,Wednesday,Morning,PUB,Week 18,
1061,2,580,2,720,3,OL,Bloodhound,Lifeline,Bangalore,2,19-May,Wednesday,Morning,PUB,Week 18,
1494,2,476,2,869,1,WE,Wraith,Lifeline,Bangalore,2,19-May,Wednesday,Morning,Ranked,Week 18,
1646,6,1214,3,1874,7,WE,Wraith,Lifeline,Octane,1,19-May,Wednesday,Morning,Ranked,Week 18,
1667,6,759,2,1578,9,WE,Wattson,Lifeline,Octane,1,19-May,Wednesday,Morning,Ranked,Week 18,
2062,3,1252,6,2362,12,WE,Gibraltar,Lifeline,Caustic,1,20-May,Thursday,Morning,Ranked ,Week 18,
915,2,284,1,561,2,WE,Gibraltar,Valkyrie,Octane,4,21-May,Friday,Morning,PUB,Week 18,
1150,3,222,1,1020,5,WE,Gibraltar,Lifeline,Octane,5,21-May,Friday,Morning,Ranked,Week 18,
700,0,317,1,783,3,WE,Gibraltar,Valkyrie,Octane,5,21-May,Friday,Morning,Ranked,Week 18,
1036,1,420,0,1251,0,OL,Wraith,Lifeline,Octane,3,23-May,Sunday,Afternoon,PUB,Week 18,
1438,7,1004,3,1289,9,OL,Wraith,Bloodhound,Octane,1,23-May,Sunday,Afternoon,PUB,Week 18,
1006,4,643,4,677,5,OL,Wraith,Loba,Octane,3,23-May,Sunday,Afternoon,PUB,Week 18,
2268,5,2100,8,1611,7,WE,Gibraltar,Valkyrie,Octane,1,23-May,Sunday,Afternoon,Ranked,Week 18,
1204,4,732,4,1055,9,WE,Gibraltar,Bloodhound,Bangalore,1,23-May,Sunday,Afternoon,Ranked,Week 18,
825,1,459,2,1416,4,WE,Gibraltar,Bloodhound,Bangalore,5,23-May,Sunday,Afternoon,Ranked,Week 18,
401,1,489,1,737,4,WE,Gibraltar,Valkyrie,Bangalore,5,23-May,Sunday,Afternoon,Ranked,Week 18,
417,0,488,5,1327,3,WE,Wraith,Valkyrie,Bangalore,4,23-May,Sunday,Afternoon,Ranked,Week 18,
615,0,292,1,1632,6,WE,Wraith,Valkyrie,Bangalore,2,23-May,Sunday,Night,PUB,Week 18,
1025,1,1198,4,1927,7,WE,Gibraltar,Valkyrie,Bangalore,1,24-May,Monday,Morning,Ranked,Week 19,
941,1,534,2,1105,4,WE,Gibraltar,Bloodhound,Bangalore,3,24-May,Monday,Morning,Ranked,Week 19,
2013,6,1725,6,3091,7,WE,Wattson,Valkyrie,Bangalore,1,24-May,Monday,Afternoon,Ranked,Week 19,
430,1,600,0,910,2,WE,Gibraltar,Valkyrie,Bangalore,4,24-May,Monday,Afternoon,Ranked,Week 19,
882,4,685,3,937,2,WE,Bloodhound,Valkyrie,Mirage,2,25-May,Tuesday,Morning,PUB,Week 19,
971,5,1453,5,1375,1,WE,Gibraltar,Valkyrie,Bangalore,2,25-May,Tuesday,Morning,Ranked,Week 19,
1440,5,859,1,1896,5,WE,Gibraltar,Valkyrie,Octane,3,25-May,Tuesday,Morning,Ranked,Week 19,
1848,6,693,3,1549,6,WE,Revenant,Crypto,Octane,2,25-May,Tuesday,Morning,Ranked,Week 19,
863,2,321,0,603,4,WE,Wraith,Valkyrie,Octane,2,25-May,Tuesday,Night,PUB,Week 19,
1610,3,1358,2,1233,6,WE,Revenant,Valkyrie,Octane,2,25-May,Tuesday,Night,Ranked,Week 19,
748,1,451,1,1012,3,WE,Revenant,Valkyrie,Octane,5,26-May,Wednesday,Morning,Ranked,Week 19,
1323,2,1745,5,2227,7,WE,Gibraltar,Valkyrie,Octane,2,26-May,Wednesday,Morning,Ranked,Week 19,
478,1,339,0,411,2,WE,Gibraltar,Valkyrie,Octane,3,26-May,Wednesday,Morning,Ranked,Week 19,
916,2,745,1,1195,0,OL,Horizon,Valkyrie,Octane,3,28-May,Friday,Morning,PUB,Week 19,
1425,2,609,1,1093,4,WE,Gibraltar,Valkyrie,Octane,4,28-May,Friday,Morning,Ranked,Week 19,
1656,5,1134,3,1276,6,WE,Revenant,Valkyrie,Octane,2,28-May,Friday,Morning,Ranked,Week 19,
1225,5,495,1,802,2,WE,Revenant,Valkyrie,Octane,4,28-May,Friday,Morning,Ranked,Week 19,
837,1,324,1,419,3,OL,Horizon,Wattson,Valkyrie,3,28-May,Friday,Afternoon,PUB,Week 19,
953,1,505,0,772,2,WE,Wraith,Bloodhound,Bangalore,2,28-May,Friday,Afternoon,Ranked,Week 19,
635,3,903,4,554,2,WE,Revenant,Valkyrie,Octane,5,28-May,Friday,Afternoon,Ranked,Week 19,
774,1,407,1,1764,5,OL,Wraith,Wattson,Bangalore,1,28-May,Friday,Night,PUB,Week 19,
872,0,476,1,557,2,OL,Pathfinder,Valkyrie,Octane,4,29-May,Saturday,Morning,PUB,Week 19,
1498,4,605,1,1722,11,WE,Revenant,Valkyrie,Octane,1,29-May,Saturday,Morning,Ranked,Week 19,
1306,1,376,1,654,0,WE,Revenant,Valkyrie,Octane,1,29-May,Saturday,Morning,Ranked,Week 19,
1302,5,525,4,1073,4,WE,Wattson,Lifeline,Octane,1,30-May,Sunday,Afternoon,PUB,Week 19,
476,0,320,0,148,0,WE,Wraith,Valkyrie,Caustic,3,31-May,Monday,Morning,PUB,Week 20,
1072,3,607,5,893,4,WE,Wraith,Wattson,Caustic,1,31-May,Monday,Morning,PUB,Week 20,
408,0,477,0,972,0,WE,Wraith,Crypto,Caustic,5,31-May,Monday,Morning,PUB,Week 20,
396,2,700,2,1020,4,OL,Wraith,Valkyrie,Octane,4,1-Jun,Tuesday,Night,PUB,Week 20,
1638,5,1415,6,1238,5,OL,Lifeline,Gibraltar,Octane,1,1-Jun,Tuesday,Morning,PUB,Week 20,
1594,4,1201,4,1663,4,OL,Revenant,Gibraltar,Octane,4,1-Jun,Tuesday,Morning,PUB,Week 20,
688,0,408,1,415,3,OL,Revenant,Gibraltar,Octane,3,1-Jun,Tuesday,Morning,PUB,Week 20,
866,1,737,0,431,4,WE,Wraith,Gibraltar,Caustic,2,1-Jun,Tuesday,Morning,PUB,Week 20,
858,2,915,3,918,2,OL,Lifeline,Valkyrie,Octane,1,2-Jun,Wednesday,Evening,PUB,Week 20,
1371,4,1363,4,1183,6,OL,Lifeline,Wattson,Octane,1,2-Jun,Wednesday,Evening,PUB,Week 20,
931,3,937,3,680,5,OL,Lifeline,Wattson,Octane,3,2-Jun,Wednesday,Evening,PUB,Week 20,
1479,4,781,5,1704,5,WE,Revenant,Octane,Valkyrie,1,2-Jun,Wednesday,Night,PUB,Week 20,
959,3,315,0,919,3,WE,Revenant,Wattson,Mirage,3,2-Jun,Wednesday,Night,PUB,Week 20,
676,2,695,2,506,2,WE,Revenant,Valkyrie,Wattson,3,3-Jun,Thursday,Morning,PUB,Week 20,
1069,0,712,3,561,3,WE,Revenant,Valkyrie,Octane,2,3-Jun,Thursday,Morning,Ranked,Week 20,
1121,2,668,3,1226,2,WE,Gibraltar,Valkyrie,Octane,5,3-Jun,Thursday,Morning,Ranked,Week 20,
417,1,327,0,333,0,WE,Gibraltar,Valkyrie,Octane,4,3-Jun,Thursday,Morning,Ranked,Week 20,
772,0,570,3,1891,5,OL,Lifeline,Wraith,Octane,1,4-Jun,Friday,Morning,PUB,Week 20,
646,2,176,0,427,2,OL,Revenant,Bangalore,Octane,5,4-Jun,Friday,Morning,PUB,Week 20,
902,1,505,3,783,1,WE,Revenant,Valkyrie,Octane,4,4-Jun,Friday,Morning,PUB,Week 20,
871,3,377,0,545,2,WE,Revenant,Valkyrie,Octane,2,4-Jun,Friday,Morning,PUB,Week 20,
745,2,631,5,879,2,WE,Revenant,Bloodhound,Bangalore,5,4-Jun,Friday,Morning,PUB,Week 20,
1470,4,1281,2,1367,5,WE,Bloodhound,Loba,Bangalore,1,4-Jun,Friday,Morning,PUB,Week 20,
566,1,1123,1,747,3,WE,Bloodhound,Wraith,Bangalore,3,6-Jun,Sunday,Afternoon,PUB,Week 20,
944,2,402,1,933,3,WE,Revenant,Bloodhound,Octane,2,6-Jun,Sunday,Afternoon,PUB,Week 20,
281,0,345,4,642,0,OL,Revenant,Bloodhound,Octane,2,6-Jun,Sunday,Afternoon,PUB,Week 20,
488,1,469,1,589,1,OL,Pathfinder,Valkyrie,Octane,1,6-Jun,Sunday,Afternoon,PUB,Week 20,
1455,6,429,1,2446,5,WE,Revenant,Bloodhound,Revenant,2,6-Jun,Sunday,Night,Ranked,Week 20,
1166,4,1428,1,1791,4,WE,Revenant,Wraith,Octane,2,6-Jun,Sunday,Night,Ranked,Week 20,
442,1,92,0,637,4,WE,Wattson,Wraith,Octane,3,7-Jun,Monday,Morning,PUB,Week 21,
1021,2,1276,1,1281,5,OL,Gibraltar,Valkyrie,Octane,3,8-Jun,Tuesday,Morning,PUB,Week 21,
323,1,690,0,878,2,OL,Pathfinder,Bloodhound,Octane,1,9-Jun,Wednesday,Afternoon,PUB,Week 21,
327,1,232,0,1211,4,WE,Pathfinder,Valkyrie,Octane,2,9-Jun,Wednesday,Afternoon,Ranked,Week 21,
1064,1,534,1,1117,4,WE,Octane,Valkyrie,Revenant,5,9-Jun,Wednesday,Afternoon,Ranked,Week 21,
866,2,410,0,559,1,WE,Gibraltar,Lifeline,Bangalore,2,9-Jun,Wednesday,Afternoon,Ranked,Week 21,
2323,9,1305,1,1394,5,WE,Wraith,Bloodhound,Gibraltar,1,10-Jun,Thursday,Morning,PUB,Week 21,
754,2,483,1,673,2,WE,Lifeline,Wattson,Caustic,3,10-Jun,Thursday,Morning,PUB,Week 21,
239,1,96,0,453,2,WE,Lifeline,Wraith,Octane,4,10-Jun,Thursday,Morning,PUB,Week 21,
1063,1,832,2,1200,4,OL,Horizon,Pathfinder,Crypto,2,10-Jun,Thursday,Night,PUB,Week 21,
1257,2,1364,5,755,2,OL,Horizon,Valkyrie,Octane,2,10-Jun,Thursday,Night,PUB,Week 21,
739,4,138,0,1550,4,OL,Horizon,Bloodhound,Octane,2,11-Jun,Friday,Night,PUB,Week 21,
1817,2,513,4,1611,3,OL,Horizon,Bloodhound,Octane,2,11-Jun,Friday,Night,PUB,Week 21,
709,2,130,2,1147,6,OL,Horizon,Wraith,Octane,4,12-Jun,Saturday,Morning,PUB,Week 21,
1817,2,513,4,1611,3,OL,Horizon,Bloodhound,Octane,2,12-Jun,Saturday,Morning,PUB,Week 21,
437,0,272,0,230,0,WE,Lifeline,Valkyrie,Octane,2,13-Jun,Sunday,Evening,PUB,Week 21,
983,3,974,0,878,1,WE,Bloodhound,Revenant,Octane,2,13-Jun,Sunday,Evening,PUB,Week 21,
634,1,371,0,273,2,WE,Bloodhound,Revenant,Octane,3,13-Jun,Sunday,Evening,PUB,Week 21,
1426,3,875,1,1515,2,OL,Wraith,Valkyrie,Octane,3,16-Jun,Wednesday,Evening,Ranked,Week 22,
1622,6,1092,1,958,2,OL,Horizon,Gibraltar,Octane,2,16-Jun,Wednesday,Evening,PUB,Week 22,
1117,6,1309,1,1183,4,OL,Horizon,Bloodhound,Bangalore,2,16-Jun,Wednesday,Evening,PUB,Week 22,
1285,4,919,3,1698,5,OL,Pathfinder,Bloodhound,Octane,1,16-Jun,Wednesday,Night,Ranked,Week 22,
1025,2,1087,5,746,1,OL,Horizon,Lifeline,Octane,3,17-Jun,Thursday,Afternoon,Ranked,Week 22,
1025,2,691,4,847,2,OL,Horizon,Bloodhound,Octane,1,17-Jun,Thursday,Afternoon,PUB,Week 22,
570,1,532,3,970,5,WE,Pathfinder,Lifeline,Octane,1,17-Jun,Thursday,Afternoon,PUB,Week 22,
840,3,1651,2,1030,2,WE,Revenant,Bloodhound,Octane,3,17-Jun,Thursday,Afternoon,PUB,Week 22,
1943,7,1676,5,2015,4,OL,Horizon,Lifeline,Octane,1,17-Jun,Thursday,Afternoon,Ranked,Week 22,
950,1,1290,4,1665,2,WE,Pathfinder,Lifeline,Octane,2,18-Jun,Friday,Morning,PUB,Week 22,
514,3,578,3,703,3,OL,Horizon,Bloodhound,Octane,1,22-Jun,Tuesday,Afternoon,PUB,Week 23,
323,0,371,0,426,0,WE,Pathfinder,Valkyrie,Octane,4,22-Jun,Tuesday,Evening,PUB,Week 23,
680,1,54,1,855,3,WE,Wraith,Wattson,Octane,1,22-Jun,Tuesday,Evening,PUB,Week 23,
387,1,69,0,179,0,OL,Horizon,Wraith,Octane,4,23-Jun,Wednesday,Morning,PUB,Week 23,
931,1,932,4,1396,2,OL,Horizon,Valkyrie,Octane,1,23-Jun,Wednesday,Morning,PUB,Week 23,
440,1,646,2,965,4,OL,Pathfinder,Valkyrie,Octane,2,23-Jun,Wednesday,Morning,PUB,Week 23,
583,0,732,3,1185,4,OL,Horizon,Bloodhound,Octane,4,23-Jun,Wednesday,Morning,PUB,Week 23,
676,1,593,1,821,5,OL,Horizon,Bloodhound,Octane,1,23-Jun,Wednesday,Morning,PUB,Week 23,
712,2,907,2,808,1,OL,Horizon,Wraith,Octane,2,25-Jun,Friday,Evening,PUB,Week 23,
239,2,599,2,371,1,WE,Pathfinder,Lifeline,Octane,2,25-Jun,Friday,Evening,PUB,Week 23,
704,2,641,1,1039,2,WE,Horizon,Loba,Octane,5,25-Jun,Friday,Evening,PUB,Week 23,
332,0,239,1,215,1,WE,Caustic,Wattson,Octane,4,25-Jun,Friday,Evening,PUB,Week 23,
1872,8,982,2,1055,4,WE,Pathfinder,Bloodhound,Octane,1,27-Jun,Sunday,Morning,PUB,Week 23,
705,1,473,2,974,2,OL,Pathfinder,Bloodhound,Octane,1,27-Jun,Sunday,Night,PUB,Week 23,
127,0,14,0,112,0,OL,Pathfinder,Lifeline,Octane,3,27-Jun,Sunday,Night,PUB,Week 23,
1267,3,546,2,1636,7,OL,Pathfinder,Wraith,Octane,1,28-Jun,Monday,Morning,PUB,Week 24,
307,2,472,3,472,2,OL,Pathfinder,Bloodhound,Octane,1,28-Jun,Monday,Morning,PUB,Week 24,
1355,4,702,2,1607,5,OL,Horizon,Bloodhound,Octane,3,28-Jun,Monday,Night,Ranked,Week 24,
565,2,130,0,603,2,OL,Horizon,Bloodhound,Octane,1,28-Jun,Monday,Night,Ranked,Week 24,
492,0,157,1,1557,6,OL,Horizon,Valkyrie,Octane,3,28-Jun,Monday,Night,Ranked,Week 24,
278,0,405,0,1430,1,OL,Gibraltar,Bloodhound,Octane,4,28-Jun,Monday,Night,Ranked,Week 24,
1807,9,700,3,1299,4,KC,Pathfinder,Valkyrie,Octane,1,29-Jun,Tuesday,Evening,PUB,Week 24,
1511,4,1750,1,1679,3,WE,Pathfinder,Valkyrie,Octane,2,29-Jun,Tuesday,Evening,PUB,Week 24,
916,1,655,0,884,6,WE,Pathfinder,Bloodhound,Octane,3,29-Jun,Tuesday,Evening,PUB,Week 24,
3193,10,1503,3,1086,6,KC,Pathfinder,Valkyrie,Octane,1,29-Jun,Tuesday,Evening,PUB,Week 24,
45,0,171,0,292,0,WE,Pathfinder,Valkyrie,Octane,3,29-Jun,Tuesday,Evening,PUB,Week 24,
315,2,341,1,265,1,KC,Pathfinder,Valkyrie,Octane,1,29-Jun,Tuesday,Night,PUB,Week 24,
567,1,89,0,230,0,KC,Pathfinder,Valkyrie,Octane,5,29-Jun,Tuesday,Night,PUB,Week 24,
2268,6,912,0,1815,9,KC,Pathfinder,Valkyrie,Octane,1,29-Jun,Tuesday,Night,PUB,Week 24,
1157,4,473,1,1146,2,WE,Pathfinder,Valkyrie,Bangalore,3,30-Jun,Wednesday,Morning,PUB,Week 24,
654,2,868,2,976,1,WE,Wraith,Valkyrie,Octane,2,1-Jul,Thursday,Afternoon,PUB,Week 24,
821,4,612,3,395,0,KC,Pathfinder,Valkyrie,Octane,1,2-Jul,Friday,Afternoon,PUB,Week 24,
1115,4,484,4,1244,4,WE,Horizon,Valkyrie,Octane,2,2-Jul,Friday,Afternoon,PUB,Week 24,
1616,8,569,2,1003,5,WE,Bloodhound,Lifeline,Bangalore,1,2-Jul,Friday,Afternoon,PUB,Week 24,
1471,1,1593,7,1266,4,WE,Wraith,Wattson,Caustic,2,2-Jul,Friday,Afternoon,PUB,Week 24,
1432,5,277,2,1088,4,OL,Horizon,Bloodhound,Octane,1,2-Jul,Friday,Afternoon,Ranked,Week 24,
557,1,447,0,1138,2,OL,Horizon,Bloodhound,Octane,3,2-Jul,Friday,Afternoon,Ranked,Week 24,
899,3,642,1,1426,6,OL,Horizon,Valkyrie,Octane,1,2-Jul,Friday,Afternoon,Ranked,Week 24,
1392,2,794,1,1195,1,WE,Wattson,Bloodhound,Octane,2,3-Jul,Saturday,Evening,PUB,Week 24,
1346,3,502,0,354,2,WE,Pathfinder,Valkyrie,Crypto,2,3-Jul,Saturday,Evening,PUB,Week 24,
1159,2,854,2,1104,4,WE,Lifeline,Bloodhound,Revenant,3,3-Jul,Saturday,Evening,PUB,Week 24,
985,1,602,1,1294,1,WE,Lifeline,Bloodhound,Revenant,2,3-Jul,Saturday,Evening,PUB,Week 24,
1009,2,634,0,845,4,WE,Lifeline,Bloodhound,Revenant,4,3-Jul,Saturday,Evening,PUB,Week 24,
1100,2,318,2,515,0,KC,Pathfinder,Valkyrie,Octane,3,3-Jul,Saturday,Evening,PUB,Week 24,
1317,5,1010,3,2330,4,WE,Wraith,Valkyrie,Crypto,2,6-Jul,Tuesday,Afternoon,PUB,Week 25,
341,4,379,2,495,0,WE,Wraith,Valkyrie,Crypto,4,6-Jul,Tuesday,Afternoon,PUB,Week 25,
615,2,604,4,641,1,WE,Pathfinder,Valkyrie,Crypto,1,6-Jul,Tuesday,Afternoon,PUB,Week 25,
952,2,414,1,841,5,WE,Horizon,Valkyrie,Octane,1,7-Jul,Wednesday,Morning,PUB,Week 25,
645,2,212,1,1160,3,WE,Horizon,Valkyrie,Octane,3,7-Jul,Wednesday,Morning,PUB,Week 25,
1123,2,621,1,1073,3,WE,Lifeline,Valkyrie,Octane,3,7-Jul,Wednesday,Morning,PUB,Week 25,
912,2,474,2,886,3,WE,Octane,Valkyrie,Mirage,1,11-Jul,Sunday,Night,PUB,Week 25 ,
703,3,773,1,1686,3,WE,Wraith,Loba,Mirage,3,11-Jul,Sunday,Night,PUB,Week 25,
1319,3,818,2,763,4,WE,Horizon,Revenant,Octane,2,11-Jul,Sunday,Night,PUB,Week 25,
1248,1,406,2,992,1,WE,Gibraltar,Bloodhound,Octane,4,12-Jul,Monday,Night,PUB,Week 26,
1184,2,887,1,1199,3,KC,Gibraltar,Bloodhound,Bangalore,3,12-Jul,Monday,Night,PUB,Week 26,
606,1,315,1,509,1,OL,Horizon,Valkyrie,Octane,5,12-Jul,Monday,Night,Ranked,Week 26,
765,1,255,0,525,2,KC,Pathfinder,Lifeline,Octane,4,12-Jul,Monday,Night,PUB,Week 26,
696,1,68,1,139,0,KC,Wraith,Lifeline,Octane,4,12-Jul,Monday,Night,PUB,Week 26,
636,1,142,0,675,2,OL,Horizon,Valkyrie,Octane,1,14-Jul,Wednesday,Night,Ranked,Week 26,
936,3,784,2,556,0,WE,Wattson,Lifeline,Octane,1,15-Jul,Thursday,Morning,PUB,Week 26,
901,2,389,0,573,1,WE,Pathfinder,Lifeline,Octane,2,15-Jul,Thursday,Morning,PUB,Week 26,
1153,5,1163,3,1137,4,WE,Pathfinder,Bloodhound,Octane,5,15-Jul,Thursday,Morning,PUB,Week 26,
1027,6,829,2,615,2,WE,Crypto,Valkyrie,Octane,1,16-Jul,Friday,Evening,PUB,Week 26,
774,0,82,0,1024,2,WE,Crypto,Lifeline,Octane,2,16-Jul,Friday,Evening,PUB,Week 26,
2378,3,394,3,1316,3,OL,Crypto,Wraith,Caustic,2,17-Jul,Saturday,Afternoon,PUB,Week 26,
575,1,281,1,610,0,OL,Horizon,Wattson,Bangalore,2,17-Jul,Saturday,Afternoon,PUB,Week 26,
728,3,935,3,1016,3,OL,Crypto,Wattson,Bangalore,3,17-Jul,Saturday,Night,PUB,Week 26,
736,2,973,1,806,1,WE,Gibraltar,Wattson,Bangalore,1,18-Jul,Sunday,Morning,PUB,Week 26,
977,2,293,2,997,3,WE,Revenant,Wattson,Octane,1,18-Jul,Sunday,Morning,PUB,Week 26,
1239,5,675,2,1375,7,OL,Wraith,Bloodhound,Octane,3,18-Jul,Sunday,Morning,PUB,Week 26,
915,2,833,4,1120,5,WE,Crypto,Revenant,Octane,1,20-Jul,Monday,Morning,PUB,Week 27,
848,1,453,2,700,0,WE,Crypto,Revenant,Octane,2,20-Jul,Monday,Morning,PUB,Week 27,
2129,5,948,5,1512,3,OL,Horizon,Revenant,Octane,1,20-Jul,Monday,Morning,PUB,Week 27,
1095,1,684,0,1576,2,WE,Wraith,Wattson,Octane,1,25-Jul,Sunday,Night,PUB,Week 27,
218,1,280,0,1820,6,WE,Gibraltar,Bloodhound,Octane,4,26-Jul,Monday,Morning,PUB,Week 28,
1196,2,615,4,931,3,WE,Wraith,Gibraltar,Octane,2,26-Jul,Monday,Night,PUB,Week 28,
1078,6,811,1,2102,4,WE,Lifeline,Valkyrie,Octane,1,26-Jul,Monday,Night,PUB,Week 28,
1702,7,913,2,1619,2,WE,Pathfinder,Bloodhound,Octane,1,26-Jul,Monday,Night,PUB,Week 28,
564,2,690,2,1259,1,OL,Horizon,Wattson,Bangalore,1,26-Jul,Monday,Night,PUB,Week 28,
548,2,420,2,355,0,OL,Horizon,Wattson,Mirage,2,26-Jul,Monday,Night,PUB,Week 28,
948,6,923,2,1671,7,WE,Wraith,Lifeline,Seer,1,4-Aug,Wednesday,Night,PUB,Week 30,
268,0,171,0,274,0,WE,Wraith,Lifeline,Seer,3,4-Aug,Wednesday,Night,PUB,Week 30,
567,2,15,0,257,0,WE,Octane,Wraith,Seer,2,4-Aug,Wednesday,Night,PUB,Week 30,
542,0,411,0,648,3,WE,Fuse,Bloodhound,Seer,3,4-Aug,Wednesday,Night,PUB,Week 30,
1355,1,1105,5,704,4,WE,Gibraltar,Wraith,Seer,3,4-Aug,Wednesday,Night,Ranked,Week 30,
970,2,397,3,902,4,WE,Gibraltar,Wraith,Seer,3,5-Aug,Thursday,Morning,Ranked,Week 30,
859,2,634,0,379,2,WE,Pathfinder,Wattson,Seer,2,7-Aug,Saturday,Evening,PUB,Week 30,
642,1,292,1,616,2,WE,Gibraltar,Octane,Seer,3,7-Aug,Saturday,Evening,Ranked,Week 30,
1408,4,1439,4,1293,6,WE,Gibraltar,Octane,Seer,3,7-Aug,Saturday,Evening,Ranked,Week 30,
1255,5,973,2,1940,3,WE,Gibraltar,Octane,Seer,4,7-Aug,Saturday,Evening,Ranked,Week 30,
1599,5,1090,2,2458,9,WE,Gibraltar,Bloodhound,Octane,3,13-Aug,Friday,Evening,Ranked,Week 31,
1152,2,345,1,510,0,WE,Gibraltar,Bloodhound,Octane,4,13-Aug,Friday,Evening,Ranked,Week 31,
600,2,389,1,903,1,WE,Gibraltar,Bloodhound,Octane,3,13-Aug,Friday,Evening,Ranked,Week 31,
839,3,709,2,559,1,WE,Wraith,Wattson,Octane,5,13-Aug,Friday,Evening,Ranked,Week 31,
621,0,102,1,1422,4,WE,Gibraltar,Lifeline,Octane,1,17-Aug,Tuesday,Evening,Ranked,Week 32,
866,1,1011,5,1243,4,WE,Gibraltar,Bloodhound,Octane,1,17-Aug,Tuesday,Evening,Ranked,Week 32,